ieee,network_id,endpoint_id,endpoint_profile_id,endpoint_device_type,command,attribute,attribute_id,Point_Name,cluster_id,is_command,value,Notes
b0:ce:18:14:03:39:b8:5f,0x359F,1,260,DeviceType.DIMMABLE_LIGHT,reset_fact_default,none,none,Basicreset_fact_default0x359F,0,True,0,
b0:ce:18:14:03:39:b8:5f,0x359F,1,260,DeviceType.DIMMABLE_LIGHT,none,zcl_version,0,Basiczcl_version0x359F,0,True,0,
b0:ce:18:14:03:39:b8:5f,0x359F,1,260,DeviceType.DIMMABLE_LIGHT,none,app_version,1,Basicapp_version0x359F,0,True,0,
b0:ce:18:14:03:39:b8:5f,0x359F,1,260,DeviceType.DIMMABLE_LIGHT,none,stack_version,2,Basicstack_version0x359F,0,True,0,
b0:ce:18:14:03:39:b8:5f,0x359F,1,260,DeviceType.DIMMABLE_LIGHT,none,hw_version,3,Basichw_version0x359F,0,True,0,
b0:ce:18:14:03:39:b8:5f,0x359F,1,260,DeviceType.DIMMABLE_LIGHT,none,manufacturer,4,Basicmanufacturer0x359F,0,True,0,
b0:ce:18:14:03:39:b8:5f,0x359F,1,260,DeviceType.DIMMABLE_LIGHT,none,model,5,Basicmodel0x359F,0,True,0,
b0:ce:18:14:03:39:b8:5f,0x359F,1,260,DeviceType.DIMMABLE_LIGHT,none,date_code,6,Basicdate_code0x359F,0,True,0,
b0:ce:18:14:03:39:b8:5f,0x359F,1,260,DeviceType.DIMMABLE_LIGHT,none,power_source,7,Basicpower_source0x359F,0,True,0,
b0:ce:18:14:03:39:b8:5f,0x359F,1,260,DeviceType.DIMMABLE_LIGHT,none,app_profile_version,8,Basicapp_profile_version0x359F,0,True,0,
b0:ce:18:14:03:39:b8:5f,0x359F,1,260,DeviceType.DIMMABLE_LIGHT,none,location_desc,16,Basiclocation_desc0x359F,0,True,0,
b0:ce:18:14:03:39:b8:5f,0x359F,1,260,DeviceType.DIMMABLE_LIGHT,none,physical_env,17,Basicphysical_env0x359F,0,True,0,
b0:ce:18:14:03:39:b8:5f,0x359F,1,260,DeviceType.DIMMABLE_LIGHT,none,device_enabled,18,Basicdevice_enabled0x359F,0,True,0,
b0:ce:18:14:03:39:b8:5f,0x359F,1,260,DeviceType.DIMMABLE_LIGHT,none,alarm_mask,19,Basicalarm_mask0x359F,0,True,0,
b0:ce:18:14:03:39:b8:5f,0x359F,1,260,DeviceType.DIMMABLE_LIGHT,none,disable_local_config,20,Basicdisable_local_config0x359F,0,True,0,
b0:ce:18:14:03:39:b8:5f,0x359F,1,260,DeviceType.DIMMABLE_LIGHT,none,sw_build_id,16384,Basicsw_build_id0x359F,0,True,0,
b0:ce:18:14:03:39:b8:5f,0x359F,1,260,DeviceType.DIMMABLE_LIGHT,identify,none,none,Identifyidentify0x359F,3,True,0,
b0:ce:18:14:03:39:b8:5f,0x359F,1,260,DeviceType.DIMMABLE_LIGHT,identify_query,none,none,Identifyidentify_query0x359F,3,True,0,
b0:ce:18:14:03:39:b8:5f,0x359F,1,260,DeviceType.DIMMABLE_LIGHT,ezmode_invoke,none,none,Identifyezmode_invoke0x359F,3,True,0,
b0:ce:18:14:03:39:b8:5f,0x359F,1,260,DeviceType.DIMMABLE_LIGHT,update_commission_state,none,none,Identifyupdate_commission_state0x359F,3,True,0,
b0:ce:18:14:03:39:b8:5f,0x359F,1,260,DeviceType.DIMMABLE_LIGHT,trigger_effect,none,none,Identifytrigger_effect0x359F,3,True,0,
b0:ce:18:14:03:39:b8:5f,0x359F,1,260,DeviceType.DIMMABLE_LIGHT,none,identify_time,0,Identifyidentify_time0x359F,3,True,0,
b0:ce:18:14:03:39:b8:5f,0x359F,1,260,DeviceType.DIMMABLE_LIGHT,none,identify_commission_state,1,Identifyidentify_commission_state0x359F,3,True,0,
b0:ce:18:14:03:39:b8:5f,0x359F,1,260,DeviceType.DIMMABLE_LIGHT,add,none,none,Groupsadd0x359F,4,True,0,
b0:ce:18:14:03:39:b8:5f,0x359F,1,260,DeviceType.DIMMABLE_LIGHT,view,none,none,Groupsview0x359F,4,True,0,
b0:ce:18:14:03:39:b8:5f,0x359F,1,260,DeviceType.DIMMABLE_LIGHT,get_membership,none,none,Groupsget_membership0x359F,4,True,0,
b0:ce:18:14:03:39:b8:5f,0x359F,1,260,DeviceType.DIMMABLE_LIGHT,remove,none,none,Groupsremove0x359F,4,True,0,
b0:ce:18:14:03:39:b8:5f,0x359F,1,260,DeviceType.DIMMABLE_LIGHT,remove_all,none,none,Groupsremove_all0x359F,4,True,0,
b0:ce:18:14:03:39:b8:5f,0x359F,1,260,DeviceType.DIMMABLE_LIGHT,add_if_identifying,none,none,Groupsadd_if_identifying0x359F,4,True,0,
b0:ce:18:14:03:39:b8:5f,0x359F,1,260,DeviceType.DIMMABLE_LIGHT,none,name_support,0,Groupsname_support0x359F,4,True,0,
b0:ce:18:14:03:39:b8:5f,0x359F,1,260,DeviceType.DIMMABLE_LIGHT,add,none,none,Scenesadd0x359F,5,True,0,
b0:ce:18:14:03:39:b8:5f,0x359F,1,260,DeviceType.DIMMABLE_LIGHT,view,none,none,Scenesview0x359F,5,True,0,
b0:ce:18:14:03:39:b8:5f,0x359F,1,260,DeviceType.DIMMABLE_LIGHT,remove,none,none,Scenesremove0x359F,5,True,0,
b0:ce:18:14:03:39:b8:5f,0x359F,1,260,DeviceType.DIMMABLE_LIGHT,remove_all,none,none,Scenesremove_all0x359F,5,True,0,
b0:ce:18:14:03:39:b8:5f,0x359F,1,260,DeviceType.DIMMABLE_LIGHT,store,none,none,Scenesstore0x359F,5,True,0,
b0:ce:18:14:03:39:b8:5f,0x359F,1,260,DeviceType.DIMMABLE_LIGHT,recall,none,none,Scenesrecall0x359F,5,True,0,
b0:ce:18:14:03:39:b8:5f,0x359F,1,260,DeviceType.DIMMABLE_LIGHT,get_scene_membership,none,none,Scenesget_scene_membership0x359F,5,True,0,
b0:ce:18:14:03:39:b8:5f,0x359F,1,260,DeviceType.DIMMABLE_LIGHT,enhanced_add,none,none,Scenesenhanced_add0x359F,5,True,0,
b0:ce:18:14:03:39:b8:5f,0x359F,1,260,DeviceType.DIMMABLE_LIGHT,enhanced_view,none,none,Scenesenhanced_view0x359F,5,True,0,
b0:ce:18:14:03:39:b8:5f,0x359F,1,260,DeviceType.DIMMABLE_LIGHT,copy,none,none,Scenescopy0x359F,5,True,0,
b0:ce:18:14:03:39:b8:5f,0x359F,1,260,DeviceType.DIMMABLE_LIGHT,none,count,0,Scenescount0x359F,5,True,0,
b0:ce:18:14:03:39:b8:5f,0x359F,1,260,DeviceType.DIMMABLE_LIGHT,none,current_scene,1,Scenescurrent_scene0x359F,5,True,0,
b0:ce:18:14:03:39:b8:5f,0x359F,1,260,DeviceType.DIMMABLE_LIGHT,none,current_group,2,Scenescurrent_group0x359F,5,True,0,
b0:ce:18:14:03:39:b8:5f,0x359F,1,260,DeviceType.DIMMABLE_LIGHT,none,scene_valid,3,Scenesscene_valid0x359F,5,True,0,
b0:ce:18:14:03:39:b8:5f,0x359F,1,260,DeviceType.DIMMABLE_LIGHT,none,name_support,4,Scenesname_support0x359F,5,True,0,
b0:ce:18:14:03:39:b8:5f,0x359F,1,260,DeviceType.DIMMABLE_LIGHT,none,last_configured_by,5,Sceneslast_configured_by0x359F,5,True,0,
b0:ce:18:14:03:39:b8:5f,0x359F,1,260,DeviceType.DIMMABLE_LIGHT,off,none,none,On/Offoff0x359F,6,True,0,
b0:ce:18:14:03:39:b8:5f,0x359F,1,260,DeviceType.DIMMABLE_LIGHT,on,none,none,On/Offon0x359F,6,True,0,
b0:ce:18:14:03:39:b8:5f,0x359F,1,260,DeviceType.DIMMABLE_LIGHT,toggle,none,none,On/Offtoggle0x359F,6,True,0,
b0:ce:18:14:03:39:b8:5f,0x359F,1,260,DeviceType.DIMMABLE_LIGHT,off_with_effect,none,none,On/Offoff_with_effect0x359F,6,True,0,
b0:ce:18:14:03:39:b8:5f,0x359F,1,260,DeviceType.DIMMABLE_LIGHT,on_with_recall_global_scene,none,none,On/Offon_with_recall_global_scene0x359F,6,True,0,
b0:ce:18:14:03:39:b8:5f,0x359F,1,260,DeviceType.DIMMABLE_LIGHT,on_with_timed_off,none,none,On/Offon_with_timed_off0x359F,6,True,0,
b0:ce:18:14:03:39:b8:5f,0x359F,1,260,DeviceType.DIMMABLE_LIGHT,none,on_off,0,On/Offon_off0x359F,6,True,0,
b0:ce:18:14:03:39:b8:5f,0x359F,1,260,DeviceType.DIMMABLE_LIGHT,none,global_scene_control,16384,On/Offglobal_scene_control0x359F,6,True,0,
b0:ce:18:14:03:39:b8:5f,0x359F,1,260,DeviceType.DIMMABLE_LIGHT,none,on_time,16385,On/Offon_time0x359F,6,True,0,
b0:ce:18:14:03:39:b8:5f,0x359F,1,260,DeviceType.DIMMABLE_LIGHT,none,off_wait_time,16386,On/Offoff_wait_time0x359F,6,True,0,
b0:ce:18:14:03:39:b8:5f,0x359F,1,260,DeviceType.DIMMABLE_LIGHT,none,start_up_on_off,16387,On/Offstart_up_on_off0x359F,6,True,0,
b0:ce:18:14:03:39:b8:5f,0x359F,1,260,DeviceType.DIMMABLE_LIGHT,move_to_level,none,none,Level controlmove_to_level0x359F,8,True,0,
b0:ce:18:14:03:39:b8:5f,0x359F,1,260,DeviceType.DIMMABLE_LIGHT,move,none,none,Level controlmove0x359F,8,True,0,
b0:ce:18:14:03:39:b8:5f,0x359F,1,260,DeviceType.DIMMABLE_LIGHT,step,none,none,Level controlstep0x359F,8,True,0,
b0:ce:18:14:03:39:b8:5f,0x359F,1,260,DeviceType.DIMMABLE_LIGHT,stop,none,none,Level controlstop0x359F,8,True,0,
b0:ce:18:14:03:39:b8:5f,0x359F,1,260,DeviceType.DIMMABLE_LIGHT,move_to_level_with_on_off,none,none,Level controlmove_to_level_with_on_off0x359F,8,True,0,
b0:ce:18:14:03:39:b8:5f,0x359F,1,260,DeviceType.DIMMABLE_LIGHT,move_with_on_off,none,none,Level controlmove_with_on_off0x359F,8,True,0,
b0:ce:18:14:03:39:b8:5f,0x359F,1,260,DeviceType.DIMMABLE_LIGHT,step_with_on_off,none,none,Level controlstep_with_on_off0x359F,8,True,0,
b0:ce:18:14:03:39:b8:5f,0x359F,1,260,DeviceType.DIMMABLE_LIGHT,none,current_level,0,Level controlcurrent_level0x359F,8,True,0,
b0:ce:18:14:03:39:b8:5f,0x359F,1,260,DeviceType.DIMMABLE_LIGHT,none,remaining_time,1,Level controlremaining_time0x359F,8,True,0,
b0:ce:18:14:03:39:b8:5f,0x359F,1,260,DeviceType.DIMMABLE_LIGHT,none,on_off_transition_time,16,Level controlon_off_transition_time0x359F,8,True,0,
b0:ce:18:14:03:39:b8:5f,0x359F,1,260,DeviceType.DIMMABLE_LIGHT,none,on_level,17,Level controlon_level0x359F,8,True,0,
b0:ce:18:14:03:39:b8:5f,0x359F,1,260,DeviceType.DIMMABLE_LIGHT,none,on_transition_time,18,Level controlon_transition_time0x359F,8,True,0,
b0:ce:18:14:03:39:b8:5f,0x359F,1,260,DeviceType.DIMMABLE_LIGHT,none,off_transition_time,19,Level controloff_transition_time0x359F,8,True,0,
b0:ce:18:14:03:39:b8:5f,0x359F,1,260,DeviceType.DIMMABLE_LIGHT,none,default_move_rate,20,Level controldefault_move_rate0x359F,8,True,0,
b0:ce:18:14:03:39:b8:5f,0x359F,1,260,DeviceType.DIMMABLE_LIGHT,none,start_up_current_level,16384,Level controlstart_up_current_level0x359F,8,True,0,
b0:ce:18:14:03:39:b8:5f,0x359F,1,260,DeviceType.DIMMABLE_LIGHT,get_profile,none,none,Meteringget_profile0x359F,1794,True,0,
b0:ce:18:14:03:39:b8:5f,0x359F,1,260,DeviceType.DIMMABLE_LIGHT,req_mirror,none,none,Meteringreq_mirror0x359F,1794,True,0,
b0:ce:18:14:03:39:b8:5f,0x359F,1,260,DeviceType.DIMMABLE_LIGHT,mirror_rem,none,none,Meteringmirror_rem0x359F,1794,True,0,
b0:ce:18:14:03:39:b8:5f,0x359F,1,260,DeviceType.DIMMABLE_LIGHT,req_fast_poll_mode,none,none,Meteringreq_fast_poll_mode0x359F,1794,True,0,
b0:ce:18:14:03:39:b8:5f,0x359F,1,260,DeviceType.DIMMABLE_LIGHT,get_snapshot,none,none,Meteringget_snapshot0x359F,1794,True,0,
b0:ce:18:14:03:39:b8:5f,0x359F,1,260,DeviceType.DIMMABLE_LIGHT,take_snapshot,none,none,Meteringtake_snapshot0x359F,1794,True,0,
b0:ce:18:14:03:39:b8:5f,0x359F,1,260,DeviceType.DIMMABLE_LIGHT,mirror_report_attr_response,none,none,Meteringmirror_report_attr_response0x359F,1794,True,0,
b0:ce:18:14:03:39:b8:5f,0x359F,1,260,DeviceType.DIMMABLE_LIGHT,none,current_summ_delivered,0,Meteringcurrent_summ_delivered0x359F,1794,True,0,
b0:ce:18:14:03:39:b8:5f,0x359F,1,260,DeviceType.DIMMABLE_LIGHT,none,current_summ_received,1,Meteringcurrent_summ_received0x359F,1794,True,0,
b0:ce:18:14:03:39:b8:5f,0x359F,1,260,DeviceType.DIMMABLE_LIGHT,none,current_max_demand_delivered,2,Meteringcurrent_max_demand_delivered0x359F,1794,True,0,
b0:ce:18:14:03:39:b8:5f,0x359F,1,260,DeviceType.DIMMABLE_LIGHT,none,current_max_demand_received,3,Meteringcurrent_max_demand_received0x359F,1794,True,0,
b0:ce:18:14:03:39:b8:5f,0x359F,1,260,DeviceType.DIMMABLE_LIGHT,none,dft_summ,4,Meteringdft_summ0x359F,1794,True,0,
b0:ce:18:14:03:39:b8:5f,0x359F,1,260,DeviceType.DIMMABLE_LIGHT,none,daily_freeze_time,5,Meteringdaily_freeze_time0x359F,1794,True,0,
b0:ce:18:14:03:39:b8:5f,0x359F,1,260,DeviceType.DIMMABLE_LIGHT,none,power_factor,6,Meteringpower_factor0x359F,1794,True,0,
b0:ce:18:14:03:39:b8:5f,0x359F,1,260,DeviceType.DIMMABLE_LIGHT,none,reading_snapshot_time,7,Meteringreading_snapshot_time0x359F,1794,True,0,
b0:ce:18:14:03:39:b8:5f,0x359F,1,260,DeviceType.DIMMABLE_LIGHT,none,current_max_demand_deliverd_time,8,Meteringcurrent_max_demand_deliverd_time0x359F,1794,True,0,
b0:ce:18:14:03:39:b8:5f,0x359F,1,260,DeviceType.DIMMABLE_LIGHT,none,current_max_demand_received_time,9,Meteringcurrent_max_demand_received_time0x359F,1794,True,0,
b0:ce:18:14:03:39:b8:5f,0x359F,1,260,DeviceType.DIMMABLE_LIGHT,none,default_update_period,10,Meteringdefault_update_period0x359F,1794,True,0,
b0:ce:18:14:03:39:b8:5f,0x359F,1,260,DeviceType.DIMMABLE_LIGHT,none,fast_poll_update_period,11,Meteringfast_poll_update_period0x359F,1794,True,0,
b0:ce:18:14:03:39:b8:5f,0x359F,1,260,DeviceType.DIMMABLE_LIGHT,none,current_block_period_consump_delivered,12,Meteringcurrent_block_period_consump_delivered0x359F,1794,True,0,
b0:ce:18:14:03:39:b8:5f,0x359F,1,260,DeviceType.DIMMABLE_LIGHT,none,daily_consump_target,13,Meteringdaily_consump_target0x359F,1794,True,0,
b0:ce:18:14:03:39:b8:5f,0x359F,1,260,DeviceType.DIMMABLE_LIGHT,none,current_block,14,Meteringcurrent_block0x359F,1794,True,0,
b0:ce:18:14:03:39:b8:5f,0x359F,1,260,DeviceType.DIMMABLE_LIGHT,none,profile_interval_period,15,Meteringprofile_interval_period0x359F,1794,True,0,
b0:ce:18:14:03:39:b8:5f,0x359F,1,260,DeviceType.DIMMABLE_LIGHT,none,preset_reading_time,17,Meteringpreset_reading_time0x359F,1794,True,0,
b0:ce:18:14:03:39:b8:5f,0x359F,1,260,DeviceType.DIMMABLE_LIGHT,none,volume_per_report,18,Meteringvolume_per_report0x359F,1794,True,0,
b0:ce:18:14:03:39:b8:5f,0x359F,1,260,DeviceType.DIMMABLE_LIGHT,none,flow_restriction,19,Meteringflow_restriction0x359F,1794,True,0,
b0:ce:18:14:03:39:b8:5f,0x359F,1,260,DeviceType.DIMMABLE_LIGHT,none,supply_status,20,Meteringsupply_status0x359F,1794,True,0,
b0:ce:18:14:03:39:b8:5f,0x359F,1,260,DeviceType.DIMMABLE_LIGHT,none,current_in_energy_carrier_summ,21,Meteringcurrent_in_energy_carrier_summ0x359F,1794,True,0,
b0:ce:18:14:03:39:b8:5f,0x359F,1,260,DeviceType.DIMMABLE_LIGHT,none,current_out_energy_carrier_summ,22,Meteringcurrent_out_energy_carrier_summ0x359F,1794,True,0,
b0:ce:18:14:03:39:b8:5f,0x359F,1,260,DeviceType.DIMMABLE_LIGHT,none,inlet_tempreature,23,Meteringinlet_tempreature0x359F,1794,True,0,
b0:ce:18:14:03:39:b8:5f,0x359F,1,260,DeviceType.DIMMABLE_LIGHT,none,outlet_tempreature,24,Meteringoutlet_tempreature0x359F,1794,True,0,
b0:ce:18:14:03:39:b8:5f,0x359F,1,260,DeviceType.DIMMABLE_LIGHT,none,control_tempreature,25,Meteringcontrol_tempreature0x359F,1794,True,0,
b0:ce:18:14:03:39:b8:5f,0x359F,1,260,DeviceType.DIMMABLE_LIGHT,none,current_in_energy_carrier_demand,26,Meteringcurrent_in_energy_carrier_demand0x359F,1794,True,0,
b0:ce:18:14:03:39:b8:5f,0x359F,1,260,DeviceType.DIMMABLE_LIGHT,none,current_out_energy_carrier_demand,27,Meteringcurrent_out_energy_carrier_demand0x359F,1794,True,0,
b0:ce:18:14:03:39:b8:5f,0x359F,1,260,DeviceType.DIMMABLE_LIGHT,none,current_block_period_consump_received,29,Meteringcurrent_block_period_consump_received0x359F,1794,True,0,
b0:ce:18:14:03:39:b8:5f,0x359F,1,260,DeviceType.DIMMABLE_LIGHT,none,current_block_received,30,Meteringcurrent_block_received0x359F,1794,True,0,
b0:ce:18:14:03:39:b8:5f,0x359F,1,260,DeviceType.DIMMABLE_LIGHT,none,current_tier1_summ_delivered,256,Meteringcurrent_tier1_summ_delivered0x359F,1794,True,0,
b0:ce:18:14:03:39:b8:5f,0x359F,1,260,DeviceType.DIMMABLE_LIGHT,none,current_tier1_summ_received,257,Meteringcurrent_tier1_summ_received0x359F,1794,True,0,
b0:ce:18:14:03:39:b8:5f,0x359F,1,260,DeviceType.DIMMABLE_LIGHT,none,current_tier2_summ_delivered,258,Meteringcurrent_tier2_summ_delivered0x359F,1794,True,0,
b0:ce:18:14:03:39:b8:5f,0x359F,1,260,DeviceType.DIMMABLE_LIGHT,none,current_tier2_summ_received,259,Meteringcurrent_tier2_summ_received0x359F,1794,True,0,
b0:ce:18:14:03:39:b8:5f,0x359F,1,260,DeviceType.DIMMABLE_LIGHT,none,current_tier3_summ_delivered,260,Meteringcurrent_tier3_summ_delivered0x359F,1794,True,0,
b0:ce:18:14:03:39:b8:5f,0x359F,1,260,DeviceType.DIMMABLE_LIGHT,none,current_tier3_summ_received,261,Meteringcurrent_tier3_summ_received0x359F,1794,True,0,
b0:ce:18:14:03:39:b8:5f,0x359F,1,260,DeviceType.DIMMABLE_LIGHT,none,current_tier4_summ_delivered,262,Meteringcurrent_tier4_summ_delivered0x359F,1794,True,0,
b0:ce:18:14:03:39:b8:5f,0x359F,1,260,DeviceType.DIMMABLE_LIGHT,none,current_tier4_summ_received,263,Meteringcurrent_tier4_summ_received0x359F,1794,True,0,
b0:ce:18:14:03:39:b8:5f,0x359F,1,260,DeviceType.DIMMABLE_LIGHT,none,current_tier5_summ_delivered,264,Meteringcurrent_tier5_summ_delivered0x359F,1794,True,0,
b0:ce:18:14:03:39:b8:5f,0x359F,1,260,DeviceType.DIMMABLE_LIGHT,none,current_tier5_summ_received,265,Meteringcurrent_tier5_summ_received0x359F,1794,True,0,
b0:ce:18:14:03:39:b8:5f,0x359F,1,260,DeviceType.DIMMABLE_LIGHT,none,current_tier6_summ_delivered,266,Meteringcurrent_tier6_summ_delivered0x359F,1794,True,0,
b0:ce:18:14:03:39:b8:5f,0x359F,1,260,DeviceType.DIMMABLE_LIGHT,none,current_tier6_summ_received,267,Meteringcurrent_tier6_summ_received0x359F,1794,True,0,
b0:ce:18:14:03:39:b8:5f,0x359F,1,260,DeviceType.DIMMABLE_LIGHT,none,current_tier7_summ_delivered,268,Meteringcurrent_tier7_summ_delivered0x359F,1794,True,0,
b0:ce:18:14:03:39:b8:5f,0x359F,1,260,DeviceType.DIMMABLE_LIGHT,none,current_tier7_summ_received,269,Meteringcurrent_tier7_summ_received0x359F,1794,True,0,
b0:ce:18:14:03:39:b8:5f,0x359F,1,260,DeviceType.DIMMABLE_LIGHT,none,current_tier8_summ_delivered,270,Meteringcurrent_tier8_summ_delivered0x359F,1794,True,0,
b0:ce:18:14:03:39:b8:5f,0x359F,1,260,DeviceType.DIMMABLE_LIGHT,none,current_tier8_summ_received,271,Meteringcurrent_tier8_summ_received0x359F,1794,True,0,
b0:ce:18:14:03:39:b8:5f,0x359F,1,260,DeviceType.DIMMABLE_LIGHT,none,current_tier9_summ_delivered,272,Meteringcurrent_tier9_summ_delivered0x359F,1794,True,0,
b0:ce:18:14:03:39:b8:5f,0x359F,1,260,DeviceType.DIMMABLE_LIGHT,none,current_tier9_summ_received,273,Meteringcurrent_tier9_summ_received0x359F,1794,True,0,
b0:ce:18:14:03:39:b8:5f,0x359F,1,260,DeviceType.DIMMABLE_LIGHT,none,current_tier10_summ_delivered,274,Meteringcurrent_tier10_summ_delivered0x359F,1794,True,0,
b0:ce:18:14:03:39:b8:5f,0x359F,1,260,DeviceType.DIMMABLE_LIGHT,none,current_tier10_summ_received,275,Meteringcurrent_tier10_summ_received0x359F,1794,True,0,
b0:ce:18:14:03:39:b8:5f,0x359F,1,260,DeviceType.DIMMABLE_LIGHT,none,current_tier11_summ_delivered,276,Meteringcurrent_tier11_summ_delivered0x359F,1794,True,0,
b0:ce:18:14:03:39:b8:5f,0x359F,1,260,DeviceType.DIMMABLE_LIGHT,none,current_tier11_summ_received,277,Meteringcurrent_tier11_summ_received0x359F,1794,True,0,
b0:ce:18:14:03:39:b8:5f,0x359F,1,260,DeviceType.DIMMABLE_LIGHT,none,current_tier12_summ_delivered,278,Meteringcurrent_tier12_summ_delivered0x359F,1794,True,0,
b0:ce:18:14:03:39:b8:5f,0x359F,1,260,DeviceType.DIMMABLE_LIGHT,none,current_tier12_summ_received,279,Meteringcurrent_tier12_summ_received0x359F,1794,True,0,
b0:ce:18:14:03:39:b8:5f,0x359F,1,260,DeviceType.DIMMABLE_LIGHT,none,current_tier13_summ_delivered,280,Meteringcurrent_tier13_summ_delivered0x359F,1794,True,0,
b0:ce:18:14:03:39:b8:5f,0x359F,1,260,DeviceType.DIMMABLE_LIGHT,none,current_tier13_summ_received,281,Meteringcurrent_tier13_summ_received0x359F,1794,True,0,
b0:ce:18:14:03:39:b8:5f,0x359F,1,260,DeviceType.DIMMABLE_LIGHT,none,current_tier14_summ_delivered,282,Meteringcurrent_tier14_summ_delivered0x359F,1794,True,0,
b0:ce:18:14:03:39:b8:5f,0x359F,1,260,DeviceType.DIMMABLE_LIGHT,none,current_tier14_summ_received,283,Meteringcurrent_tier14_summ_received0x359F,1794,True,0,
b0:ce:18:14:03:39:b8:5f,0x359F,1,260,DeviceType.DIMMABLE_LIGHT,none,current_tier15_summ_delivered,284,Meteringcurrent_tier15_summ_delivered0x359F,1794,True,0,
b0:ce:18:14:03:39:b8:5f,0x359F,1,260,DeviceType.DIMMABLE_LIGHT,none,current_tier15_summ_received,285,Meteringcurrent_tier15_summ_received0x359F,1794,True,0,
b0:ce:18:14:03:39:b8:5f,0x359F,1,260,DeviceType.DIMMABLE_LIGHT,none,status,512,Meteringstatus0x359F,1794,True,0,
b0:ce:18:14:03:39:b8:5f,0x359F,1,260,DeviceType.DIMMABLE_LIGHT,none,remaining_batt_life,513,Meteringremaining_batt_life0x359F,1794,True,0,
b0:ce:18:14:03:39:b8:5f,0x359F,1,260,DeviceType.DIMMABLE_LIGHT,none,hours_in_operation,514,Meteringhours_in_operation0x359F,1794,True,0,
b0:ce:18:14:03:39:b8:5f,0x359F,1,260,DeviceType.DIMMABLE_LIGHT,none,hours_in_fault,515,Meteringhours_in_fault0x359F,1794,True,0,
b0:ce:18:14:03:39:b8:5f,0x359F,1,260,DeviceType.DIMMABLE_LIGHT,none,extended_status,516,Meteringextended_status0x359F,1794,True,0,
b0:ce:18:14:03:39:b8:5f,0x359F,1,260,DeviceType.DIMMABLE_LIGHT,none,unit_of_measure,768,Meteringunit_of_measure0x359F,1794,True,0,
b0:ce:18:14:03:39:b8:5f,0x359F,1,260,DeviceType.DIMMABLE_LIGHT,none,multiplier,769,Meteringmultiplier0x359F,1794,True,0,
b0:ce:18:14:03:39:b8:5f,0x359F,1,260,DeviceType.DIMMABLE_LIGHT,none,divisor,770,Meteringdivisor0x359F,1794,True,0,
b0:ce:18:14:03:39:b8:5f,0x359F,1,260,DeviceType.DIMMABLE_LIGHT,none,summa_formatting,771,Meteringsumma_formatting0x359F,1794,True,0,
b0:ce:18:14:03:39:b8:5f,0x359F,1,260,DeviceType.DIMMABLE_LIGHT,none,demand_formatting,772,Meteringdemand_formatting0x359F,1794,True,0,
b0:ce:18:14:03:39:b8:5f,0x359F,1,260,DeviceType.DIMMABLE_LIGHT,none,historical_consump_formatting,773,Meteringhistorical_consump_formatting0x359F,1794,True,0,
b0:ce:18:14:03:39:b8:5f,0x359F,1,260,DeviceType.DIMMABLE_LIGHT,none,metering_device_type,774,Meteringmetering_device_type0x359F,1794,True,0,
b0:ce:18:14:03:39:b8:5f,0x359F,1,260,DeviceType.DIMMABLE_LIGHT,none,site_id,775,Meteringsite_id0x359F,1794,True,0,
b0:ce:18:14:03:39:b8:5f,0x359F,1,260,DeviceType.DIMMABLE_LIGHT,none,meter_serial_number,776,Meteringmeter_serial_number0x359F,1794,True,0,
b0:ce:18:14:03:39:b8:5f,0x359F,1,260,DeviceType.DIMMABLE_LIGHT,none,energy_carrier_unit_of_meas,777,Meteringenergy_carrier_unit_of_meas0x359F,1794,True,0,
b0:ce:18:14:03:39:b8:5f,0x359F,1,260,DeviceType.DIMMABLE_LIGHT,none,energy_carrier_summ_formatting,778,Meteringenergy_carrier_summ_formatting0x359F,1794,True,0,
b0:ce:18:14:03:39:b8:5f,0x359F,1,260,DeviceType.DIMMABLE_LIGHT,none,energy_carrier_demand_formatting,779,Meteringenergy_carrier_demand_formatting0x359F,1794,True,0,
b0:ce:18:14:03:39:b8:5f,0x359F,1,260,DeviceType.DIMMABLE_LIGHT,none,temperature_unit_of_meas,780,Meteringtemperature_unit_of_meas0x359F,1794,True,0,
b0:ce:18:14:03:39:b8:5f,0x359F,1,260,DeviceType.DIMMABLE_LIGHT,none,temperature_formatting,781,Meteringtemperature_formatting0x359F,1794,True,0,
b0:ce:18:14:03:39:b8:5f,0x359F,1,260,DeviceType.DIMMABLE_LIGHT,none,module_serial_number,782,Meteringmodule_serial_number0x359F,1794,True,0,
b0:ce:18:14:03:39:b8:5f,0x359F,1,260,DeviceType.DIMMABLE_LIGHT,none,operating_tariff_level,783,Meteringoperating_tariff_level0x359F,1794,True,0,
b0:ce:18:14:03:39:b8:5f,0x359F,1,260,DeviceType.DIMMABLE_LIGHT,none,instantaneous_demand,1024,Meteringinstantaneous_demand0x359F,1794,True,0,
b0:ce:18:14:03:39:b8:5f,0x359F,1,260,DeviceType.DIMMABLE_LIGHT,none,currentday_consump_delivered,1025,Meteringcurrentday_consump_delivered0x359F,1794,True,0,
b0:ce:18:14:03:39:b8:5f,0x359F,1,260,DeviceType.DIMMABLE_LIGHT,none,currentday_consump_received,1026,Meteringcurrentday_consump_received0x359F,1794,True,0,
b0:ce:18:14:03:39:b8:5f,0x359F,1,260,DeviceType.DIMMABLE_LIGHT,none,previousday_consump_delivered,1027,Meteringpreviousday_consump_delivered0x359F,1794,True,0,
b0:ce:18:14:03:39:b8:5f,0x359F,1,260,DeviceType.DIMMABLE_LIGHT,none,previousday_consump_received,1028,Meteringpreviousday_consump_received0x359F,1794,True,0,
b0:ce:18:14:03:39:b8:5f,0x359F,1,260,DeviceType.DIMMABLE_LIGHT,none,cur_part_profile_int_start_time_delivered,1029,Meteringcur_part_profile_int_start_time_delivered0x359F,1794,True,0,
b0:ce:18:14:03:39:b8:5f,0x359F,1,260,DeviceType.DIMMABLE_LIGHT,none,cur_part_profile_int_start_time_received,1030,Meteringcur_part_profile_int_start_time_received0x359F,1794,True,0,
b0:ce:18:14:03:39:b8:5f,0x359F,1,260,DeviceType.DIMMABLE_LIGHT,none,cur_part_profile_int_value_delivered,1031,Meteringcur_part_profile_int_value_delivered0x359F,1794,True,0,
b0:ce:18:14:03:39:b8:5f,0x359F,1,260,DeviceType.DIMMABLE_LIGHT,none,cur_part_profile_int_value_received,1032,Meteringcur_part_profile_int_value_received0x359F,1794,True,0,
b0:ce:18:14:03:39:b8:5f,0x359F,1,260,DeviceType.DIMMABLE_LIGHT,none,current_day_max_pressure,1033,Meteringcurrent_day_max_pressure0x359F,1794,True,0,
b0:ce:18:14:03:39:b8:5f,0x359F,1,260,DeviceType.DIMMABLE_LIGHT,none,current_day_min_pressure,1034,Meteringcurrent_day_min_pressure0x359F,1794,True,0,
b0:ce:18:14:03:39:b8:5f,0x359F,1,260,DeviceType.DIMMABLE_LIGHT,none,previous_day_max_pressure,1035,Meteringprevious_day_max_pressure0x359F,1794,True,0,
b0:ce:18:14:03:39:b8:5f,0x359F,1,260,DeviceType.DIMMABLE_LIGHT,none,previous_day_min_pressure,1036,Meteringprevious_day_min_pressure0x359F,1794,True,0,
b0:ce:18:14:03:39:b8:5f,0x359F,1,260,DeviceType.DIMMABLE_LIGHT,none,current_day_max_demand,1037,Meteringcurrent_day_max_demand0x359F,1794,True,0,
b0:ce:18:14:03:39:b8:5f,0x359F,1,260,DeviceType.DIMMABLE_LIGHT,none,previous_day_max_demand,1038,Meteringprevious_day_max_demand0x359F,1794,True,0,
b0:ce:18:14:03:39:b8:5f,0x359F,1,260,DeviceType.DIMMABLE_LIGHT,none,current_month_max_demand,1039,Meteringcurrent_month_max_demand0x359F,1794,True,0,
b0:ce:18:14:03:39:b8:5f,0x359F,1,260,DeviceType.DIMMABLE_LIGHT,none,current_year_max_demand,1040,Meteringcurrent_year_max_demand0x359F,1794,True,0,
b0:ce:18:14:03:39:b8:5f,0x359F,1,260,DeviceType.DIMMABLE_LIGHT,none,currentday_max_energy_carr_demand,1041,Meteringcurrentday_max_energy_carr_demand0x359F,1794,True,0,
b0:ce:18:14:03:39:b8:5f,0x359F,1,260,DeviceType.DIMMABLE_LIGHT,none,previousday_max_energy_carr_demand,1042,Meteringpreviousday_max_energy_carr_demand0x359F,1794,True,0,
b0:ce:18:14:03:39:b8:5f,0x359F,1,260,DeviceType.DIMMABLE_LIGHT,none,cur_month_max_energy_carr_demand,1043,Meteringcur_month_max_energy_carr_demand0x359F,1794,True,0,
b0:ce:18:14:03:39:b8:5f,0x359F,1,260,DeviceType.DIMMABLE_LIGHT,none,cur_month_min_energy_carr_demand,1044,Meteringcur_month_min_energy_carr_demand0x359F,1794,True,0,
b0:ce:18:14:03:39:b8:5f,0x359F,1,260,DeviceType.DIMMABLE_LIGHT,none,cur_year_max_energy_carr_demand,1045,Meteringcur_year_max_energy_carr_demand0x359F,1794,True,0,
b0:ce:18:14:03:39:b8:5f,0x359F,1,260,DeviceType.DIMMABLE_LIGHT,none,cur_year_min_energy_carr_demand,1046,Meteringcur_year_min_energy_carr_demand0x359F,1794,True,0,
b0:ce:18:14:03:39:b8:5f,0x359F,1,260,DeviceType.DIMMABLE_LIGHT,none,max_number_of_periods_delivered,1280,Meteringmax_number_of_periods_delivered0x359F,1794,True,0,
b0:ce:18:14:03:39:b8:5f,0x359F,1,260,DeviceType.DIMMABLE_LIGHT,none,current_demand_delivered,1536,Meteringcurrent_demand_delivered0x359F,1794,True,0,
b0:ce:18:14:03:39:b8:5f,0x359F,1,260,DeviceType.DIMMABLE_LIGHT,none,demand_limit,1537,Meteringdemand_limit0x359F,1794,True,0,
b0:ce:18:14:03:39:b8:5f,0x359F,1,260,DeviceType.DIMMABLE_LIGHT,none,demand_integration_period,1538,Meteringdemand_integration_period0x359F,1794,True,0,
b0:ce:18:14:03:39:b8:5f,0x359F,1,260,DeviceType.DIMMABLE_LIGHT,none,number_of_demand_subintervals,1539,Meteringnumber_of_demand_subintervals0x359F,1794,True,0,
b0:ce:18:14:03:39:b8:5f,0x359F,1,260,DeviceType.DIMMABLE_LIGHT,none,demand_limit_arm_duration,1540,Meteringdemand_limit_arm_duration0x359F,1794,True,0,
b0:ce:18:14:03:39:b8:5f,0x359F,1,260,DeviceType.DIMMABLE_LIGHT,none,generic_alarm_mask,2048,Meteringgeneric_alarm_mask0x359F,1794,True,0,
b0:ce:18:14:03:39:b8:5f,0x359F,1,260,DeviceType.DIMMABLE_LIGHT,none,electricity_alarm_mask,2049,Meteringelectricity_alarm_mask0x359F,1794,True,0,
b0:ce:18:14:03:39:b8:5f,0x359F,1,260,DeviceType.DIMMABLE_LIGHT,none,gen_flow_pressure_alarm_mask,2050,Meteringgen_flow_pressure_alarm_mask0x359F,1794,True,0,
b0:ce:18:14:03:39:b8:5f,0x359F,1,260,DeviceType.DIMMABLE_LIGHT,none,water_specific_alarm_mask,2051,Meteringwater_specific_alarm_mask0x359F,1794,True,0,
b0:ce:18:14:03:39:b8:5f,0x359F,1,260,DeviceType.DIMMABLE_LIGHT,none,heat_cool_specific_alarm_mask,2052,Meteringheat_cool_specific_alarm_mask0x359F,1794,True,0,
b0:ce:18:14:03:39:b8:5f,0x359F,1,260,DeviceType.DIMMABLE_LIGHT,none,gas_specific_alarm_mask,2053,Meteringgas_specific_alarm_mask0x359F,1794,True,0,
b0:ce:18:14:03:39:b8:5f,0x359F,1,260,DeviceType.DIMMABLE_LIGHT,none,extended_generic_alarm_mask,2054,Meteringextended_generic_alarm_mask0x359F,1794,True,0,
b0:ce:18:14:03:39:b8:5f,0x359F,1,260,DeviceType.DIMMABLE_LIGHT,none,manufacture_alarm_mask,2055,Meteringmanufacture_alarm_mask0x359F,1794,True,0,
b0:ce:18:14:03:39:b8:5f,0x359F,1,260,DeviceType.DIMMABLE_LIGHT,none,bill_to_date,2560,Meteringbill_to_date0x359F,1794,True,0,
b0:ce:18:14:03:39:b8:5f,0x359F,1,260,DeviceType.DIMMABLE_LIGHT,none,bill_to_date_time_stamp,2561,Meteringbill_to_date_time_stamp0x359F,1794,True,0,
b0:ce:18:14:03:39:b8:5f,0x359F,1,260,DeviceType.DIMMABLE_LIGHT,none,projected_bill,2562,Meteringprojected_bill0x359F,1794,True,0,
b0:ce:18:14:03:39:b8:5f,0x359F,1,260,DeviceType.DIMMABLE_LIGHT,none,projected_bill_time_stamp,2563,Meteringprojected_bill_time_stamp0x359F,1794,True,0,
b0:ce:18:14:03:39:b8:5f,0x359F,1,260,DeviceType.DIMMABLE_LIGHT,none,number_of_resets,0,Diagnosticnumber_of_resets0x359F,2821,True,0,
b0:ce:18:14:03:39:b8:5f,0x359F,1,260,DeviceType.DIMMABLE_LIGHT,none,persistent_memory_writes,1,Diagnosticpersistent_memory_writes0x359F,2821,True,0,
b0:ce:18:14:03:39:b8:5f,0x359F,1,260,DeviceType.DIMMABLE_LIGHT,none,mac_rx_bcast,256,Diagnosticmac_rx_bcast0x359F,2821,True,0,
b0:ce:18:14:03:39:b8:5f,0x359F,1,260,DeviceType.DIMMABLE_LIGHT,none,mac_tx_bcast,257,Diagnosticmac_tx_bcast0x359F,2821,True,0,
b0:ce:18:14:03:39:b8:5f,0x359F,1,260,DeviceType.DIMMABLE_LIGHT,none,mac_rx_ucast,258,Diagnosticmac_rx_ucast0x359F,2821,True,0,
b0:ce:18:14:03:39:b8:5f,0x359F,1,260,DeviceType.DIMMABLE_LIGHT,none,mac_tx_ucast,259,Diagnosticmac_tx_ucast0x359F,2821,True,0,
b0:ce:18:14:03:39:b8:5f,0x359F,1,260,DeviceType.DIMMABLE_LIGHT,none,mac_tx_ucast_retry,260,Diagnosticmac_tx_ucast_retry0x359F,2821,True,0,
b0:ce:18:14:03:39:b8:5f,0x359F,1,260,DeviceType.DIMMABLE_LIGHT,none,mac_tx_ucast_fail,261,Diagnosticmac_tx_ucast_fail0x359F,2821,True,0,
b0:ce:18:14:03:39:b8:5f,0x359F,1,260,DeviceType.DIMMABLE_LIGHT,none,aps_rx_bcast,262,Diagnosticaps_rx_bcast0x359F,2821,True,0,
b0:ce:18:14:03:39:b8:5f,0x359F,1,260,DeviceType.DIMMABLE_LIGHT,none,aps_tx_bcast,263,Diagnosticaps_tx_bcast0x359F,2821,True,0,
b0:ce:18:14:03:39:b8:5f,0x359F,1,260,DeviceType.DIMMABLE_LIGHT,none,aps_rx_ucast,264,Diagnosticaps_rx_ucast0x359F,2821,True,0,
b0:ce:18:14:03:39:b8:5f,0x359F,1,260,DeviceType.DIMMABLE_LIGHT,none,aps_tx_ucast_success,265,Diagnosticaps_tx_ucast_success0x359F,2821,True,0,
b0:ce:18:14:03:39:b8:5f,0x359F,1,260,DeviceType.DIMMABLE_LIGHT,none,aps_tx_ucast_retry,266,Diagnosticaps_tx_ucast_retry0x359F,2821,True,0,
b0:ce:18:14:03:39:b8:5f,0x359F,1,260,DeviceType.DIMMABLE_LIGHT,none,aps_tx_ucast_fail,267,Diagnosticaps_tx_ucast_fail0x359F,2821,True,0,
b0:ce:18:14:03:39:b8:5f,0x359F,1,260,DeviceType.DIMMABLE_LIGHT,none,route_disc_initiated,268,Diagnosticroute_disc_initiated0x359F,2821,True,0,
b0:ce:18:14:03:39:b8:5f,0x359F,1,260,DeviceType.DIMMABLE_LIGHT,none,neighbor_added,269,Diagnosticneighbor_added0x359F,2821,True,0,
b0:ce:18:14:03:39:b8:5f,0x359F,1,260,DeviceType.DIMMABLE_LIGHT,none,neighbor_removed,270,Diagnosticneighbor_removed0x359F,2821,True,0,
b0:ce:18:14:03:39:b8:5f,0x359F,1,260,DeviceType.DIMMABLE_LIGHT,none,neighbor_stale,271,Diagnosticneighbor_stale0x359F,2821,True,0,
b0:ce:18:14:03:39:b8:5f,0x359F,1,260,DeviceType.DIMMABLE_LIGHT,none,join_indication,272,Diagnosticjoin_indication0x359F,2821,True,0,
b0:ce:18:14:03:39:b8:5f,0x359F,1,260,DeviceType.DIMMABLE_LIGHT,none,child_moved,273,Diagnosticchild_moved0x359F,2821,True,0,
b0:ce:18:14:03:39:b8:5f,0x359F,1,260,DeviceType.DIMMABLE_LIGHT,none,nwk_fc_failure,274,Diagnosticnwk_fc_failure0x359F,2821,True,0,
b0:ce:18:14:03:39:b8:5f,0x359F,1,260,DeviceType.DIMMABLE_LIGHT,none,aps_fc_failure,275,Diagnosticaps_fc_failure0x359F,2821,True,0,
b0:ce:18:14:03:39:b8:5f,0x359F,1,260,DeviceType.DIMMABLE_LIGHT,none,aps_unauthorized_key,276,Diagnosticaps_unauthorized_key0x359F,2821,True,0,
b0:ce:18:14:03:39:b8:5f,0x359F,1,260,DeviceType.DIMMABLE_LIGHT,none,nwk_decrypt_failures,277,Diagnosticnwk_decrypt_failures0x359F,2821,True,0,
b0:ce:18:14:03:39:b8:5f,0x359F,1,260,DeviceType.DIMMABLE_LIGHT,none,aps_decrypt_failures,278,Diagnosticaps_decrypt_failures0x359F,2821,True,0,
b0:ce:18:14:03:39:b8:5f,0x359F,1,260,DeviceType.DIMMABLE_LIGHT,none,packet_buffer_allocate_failures,279,Diagnosticpacket_buffer_allocate_failures0x359F,2821,True,0,
b0:ce:18:14:03:39:b8:5f,0x359F,1,260,DeviceType.DIMMABLE_LIGHT,none,relayed_ucast,280,Diagnosticrelayed_ucast0x359F,2821,True,0,
b0:ce:18:14:03:39:b8:5f,0x359F,1,260,DeviceType.DIMMABLE_LIGHT,none,phy_to_mac_queue_limit_reached,281,Diagnosticphy_to_mac_queue_limit_reached0x359F,2821,True,0,
b0:ce:18:14:03:39:b8:5f,0x359F,1,260,DeviceType.DIMMABLE_LIGHT,none,packet_validate_drop_count,282,Diagnosticpacket_validate_drop_count0x359F,2821,True,0,
b0:ce:18:14:03:39:b8:5f,0x359F,1,260,DeviceType.DIMMABLE_LIGHT,none,average_mac_retry_per_aps_message_sent,283,Diagnosticaverage_mac_retry_per_aps_message_sent0x359F,2821,True,0,
b0:ce:18:14:03:39:b8:5f,0x359F,1,260,DeviceType.DIMMABLE_LIGHT,none,last_message_lqi,284,Diagnosticlast_message_lqi0x359F,2821,True,0,
b0:ce:18:14:03:39:b8:5f,0x359F,1,260,DeviceType.DIMMABLE_LIGHT,none,last_message_rssi,285,Diagnosticlast_message_rssi0x359F,2821,True,0,
